exp_id,rep,weather,start_point,end_point,result,initial_distance,final_distance,final_time,time_out
0,0,1,138,17,1,10208.359717079047,199.45331390348008,36.18,57.3184,100,150,1,0.1,15
0,0,1,47,16,1,4750.866532596871,194.14460659818113,13.199,36.6166,100,150,1,0.1,15
0,0,1,26,9,0,7034.791721608399,5765.805916261121,42.5314,42.5314,100,150,1,0.1,15
0,0,1,42,49,0,6391.949464104081,7121.294124268539,36.6166,36.6166,100,150,1,0.1,15
0,0,1,140,124,1,5823.768281791438,184.8046997844375,14.405,36.6166,100,150,1,0.1,15
0,0,1,85,98,1,5187.104105375175,175.10106243473513,11.993,33.6592,100,150,1,0.1,15
